Fecha,Determinacion
01/01/06,NA
02/01/06,10.6253
03/01/06,10.6455
04/01/06,10.5815
05/01/06,10.5907
06/01/06,10.5726
07/01/06,NA
08/01/06,NA
09/01/06,10.5446
10/01/06,10.599
11/01/06,10.6097
12/01/06,10.5732
13/01/06,10.5752
14/01/06,NA
15/01/06,NA
16/01/06,10.559
17/01/06,10.5372
18/01/06,10.5778
19/01/06,10.5589
20/01/06,10.5078
21/01/06,NA
22/01/06,NA
23/01/06,10.5208
24/01/06,10.5063
25/01/06,10.5004
26/01/06,10.5039
27/01/06,10.4598
28/01/06,NA
29/01/06,NA
30/01/06,10.4416
31/01/06,10.4433
01/02/06,10.4303
02/02/06,10.4805
03/02/06,10.4981
04/02/06,NA
05/02/06,NA
06/02/06,NA
07/02/06,10.4758
08/02/06,10.5277
09/02/06,10.4803
10/02/06,10.487
11/02/06,NA
12/02/06,NA
13/02/06,10.5258
14/02/06,10.5249
15/02/06,10.517
16/02/06,10.5175
17/02/06,10.4528
18/02/06,NA
19/02/06,NA
20/02/06,10.4401
21/02/06,10.4388
22/02/06,10.499
23/02/06,10.4885
24/02/06,10.4761
25/02/06,NA
26/02/06,NA
27/02/06,10.4661
28/02/06,10.456
01/03/06,10.4673
02/03/06,10.5113
03/03/06,10.5759
04/03/06,NA
05/03/06,NA
06/03/06,10.6118
07/03/06,10.7003
08/03/06,10.756
09/03/06,10.7094
10/03/06,10.7125
11/03/06,NA
12/03/06,NA
13/03/06,10.7126
14/03/06,10.6942
15/03/06,10.6667
16/03/06,10.6212
17/03/06,10.6885
18/03/06,NA
19/03/06,NA
20/03/06,10.7568
21/03/06,NA
22/03/06,10.8628
23/03/06,10.8612
24/03/06,10.8568
25/03/06,NA
26/03/06,NA
27/03/06,10.9329
28/03/06,10.9633
29/03/06,10.951
30/03/06,10.9228
31/03/06,10.8935
01/04/06,NA
02/04/06,NA
03/04/06,10.8717
04/04/06,10.8548
05/04/06,10.9467
06/04/06,11.0557
07/04/06,11.1443
08/04/06,NA
09/04/06,NA
10/04/06,11.0956
11/04/06,11.0708
12/04/06,11.0477
13/04/06,NA
14/04/06,NA
15/04/06,NA
16/04/06,NA
17/04/06,11.0842
18/04/06,11.0011
19/04/06,10.9773
20/04/06,11.0302
21/04/06,11.0667
22/04/06,NA
23/04/06,NA
24/04/06,11.0656
25/04/06,11.0842
26/04/06,11.1578
27/04/06,11.1135
28/04/06,11.0903
29/04/06,NA
30/04/06,NA
01/05/06,NA
02/05/06,11.0323
03/05/06,10.9608
04/05/06,10.9694
05/05/06,10.9587
06/05/06,NA
07/05/06,NA
08/05/06,10.9381
09/05/06,10.9258
10/05/06,10.8425
11/05/06,10.8381
12/05/06,11.0325
13/05/06,NA
14/05/06,NA
15/05/06,11.1532
16/05/06,11.0518
17/05/06,11.133
18/05/06,11.2005
19/05/06,11.1915
20/05/06,NA
21/05/06,NA
22/05/06,11.2799
23/05/06,11.1935
24/05/06,11.2854
25/05/06,11.2097
26/05/06,11.1373
27/05/06,NA
28/05/06,NA
29/05/06,11.1303
30/05/06,11.2693
31/05/06,11.2966
01/06/06,11.2843
02/06/06,11.297
03/06/06,NA
04/06/06,NA
05/06/06,11.2854
06/06/06,11.3667
07/06/06,11.325
08/06/06,11.419
09/06/06,11.3777
10/06/06,NA
11/06/06,NA
12/06/06,11.3827
13/06/06,11.4327
14/06/06,11.4527
15/06/06,11.4113
16/06/06,11.414
17/06/06,NA
18/06/06,NA
19/06/06,11.4459
20/06/06,11.4809
21/06/06,11.4441
22/06/06,11.4405
23/06/06,11.4382
24/06/06,NA
25/06/06,NA
26/06/06,11.409
27/06/06,11.4302
28/06/06,11.3973
29/06/06,11.4009
30/06/06,11.2723
01/07/06,NA
02/07/06,NA
03/07/06,11.1302
04/07/06,11.0642
05/07/06,11.1901
06/07/06,11.1061
07/07/06,11.0243
08/07/06,NA
09/07/06,NA
10/07/06,10.9547
11/07/06,11.0095
12/07/06,11.0303
13/07/06,11.0523
14/07/06,11.0275
15/07/06,NA
16/07/06,NA
17/07/06,10.9914
18/07/06,10.9618
19/07/06,10.9045
20/07/06,10.8708
21/07/06,10.8954
22/07/06,NA
23/07/06,NA
24/07/06,10.9303
25/07/06,10.9148
26/07/06,10.9337
27/07/06,10.8968
28/07/06,10.8947
29/07/06,NA
30/07/06,NA
31/07/06,10.9181
01/08/06,11.0203
02/08/06,10.9537
03/08/06,10.9802
04/08/06,10.8908
05/08/06,NA
06/08/06,NA
07/08/06,10.8838
08/08/06,10.9113
09/08/06,10.8386
10/08/06,10.8808
11/08/06,10.8147
12/08/06,NA
13/08/06,NA
14/08/06,10.8028
15/08/06,10.825
16/08/06,10.75
17/08/06,10.748
18/08/06,10.8217
19/08/06,NA
20/08/06,NA
21/08/06,10.8038
22/08/06,10.804
23/08/06,10.8428
24/08/06,10.922
25/08/06,10.9528
26/08/06,NA
27/08/06,NA
28/08/06,10.9347
29/08/06,10.9047
30/08/06,10.865
31/08/06,10.9037
01/09/06,10.8952
02/09/06,NA
03/09/06,NA
04/09/06,10.8476
05/09/06,10.8438
06/09/06,10.938
07/09/06,11.0196
08/09/06,11.0271
09/09/06,NA
10/09/06,NA
11/09/06,11.0705
12/09/06,11.0361
13/09/06,11.0117
14/09/06,10.9818
15/09/06,10.9468
16/09/06,NA
17/09/06,NA
18/09/06,10.9273
19/09/06,10.9227
20/09/06,10.9346
21/09/06,10.9953
22/09/06,11.0877
23/09/06,NA
24/09/06,NA
25/09/06,11.105
26/09/06,11.0418
27/09/06,11.0152
28/09/06,11.0502
29/09/06,10.9935
30/09/06,NA
01/10/06,NA
02/10/06,10.9733
03/10/06,11.0404
04/10/06,11.0533
05/10/06,11.0185
06/10/06,11.0624
07/10/06,NA
08/10/06,NA
09/10/06,11.0842
10/10/06,11.0597
11/10/06,11.0248
12/10/06,10.9406
13/10/06,10.8765
14/10/06,NA
15/10/06,NA
16/10/06,10.8364
17/10/06,10.8703
18/10/06,10.8257
19/10/06,10.806
20/10/06,10.8169
21/10/06,NA
22/10/06,NA
23/10/06,10.8489
24/10/06,10.8289
25/10/06,10.7918
26/10/06,10.7313
27/10/06,10.7093
28/10/06,NA
29/10/06,NA
30/10/06,10.774
31/10/06,10.764
01/11/06,10.7449
02/11/06,NA
03/11/06,10.7948
04/11/06,NA
05/11/06,NA
06/11/06,10.8344
07/11/06,10.82
08/11/06,10.8598
09/11/06,10.8632
10/11/06,10.9158
11/11/06,NA
12/11/06,NA
13/11/06,10.9263
14/11/06,10.8675
15/11/06,10.8595
16/11/06,10.8527
17/11/06,10.9524
18/11/06,NA
19/11/06,NA
20/11/06,NA
21/11/06,11.0021
22/11/06,10.9756
23/11/06,10.9682
24/11/06,11.0242
25/11/06,NA
26/11/06,NA
27/11/06,11.052
28/11/06,11.0454
29/11/06,10.9983
30/11/06,10.9975
01/12/06,NA
02/12/06,NA
03/12/06,NA
04/12/06,10.9595
05/12/06,10.894
06/12/06,10.862
07/12/06,10.8558
08/12/06,10.8606
09/12/06,NA
10/12/06,NA
11/12/06,10.8375
12/12/06,NA
13/12/06,10.8255
14/12/06,10.7922
15/12/06,10.774
16/12/06,NA
17/12/06,NA
18/12/06,10.8002
19/12/06,10.8492
20/12/06,10.8075
21/12/06,10.8411
22/12/06,10.8597
23/12/06,NA
24/12/06,NA
25/12/06,NA
26/12/06,10.8747
27/12/06,10.881
28/12/06,10.8755
29/12/06,10.8116
30/12/06,NA
31/12/06,NA
01/01/07,NA
02/01/07,10.7815
03/01/07,10.7708
04/01/07,10.865
05/01/07,10.9355
06/01/07,NA
07/01/07,NA
08/01/07,10.9705
09/01/07,11.0091
10/01/07,11.0333
11/01/07,10.965
12/01/07,10.9765
13/01/07,NA
14/01/07,NA
15/01/07,10.9419
16/01/07,10.986
17/01/07,10.9234
18/01/07,10.9232
19/01/07,10.8824
20/01/07,NA
21/01/07,NA
22/01/07,10.8918
23/01/07,10.9645
24/01/07,10.9486
25/01/07,10.9753
26/01/07,11.0402
27/01/07,NA
28/01/07,NA
29/01/07,11.0855
30/01/07,11.0548
31/01/07,11.0382
01/02/07,10.982
02/02/07,10.9921
03/02/07,NA
04/02/07,NA
05/02/07,NA
06/02/07,10.9192
07/02/07,10.937
08/02/07,10.9683
09/02/07,10.9601
10/02/07,NA
11/02/07,NA
12/02/07,11.0227
13/02/07,10.9915
14/02/07,10.9152
15/02/07,10.9522
16/02/07,10.9958
17/02/07,NA
18/02/07,NA
19/02/07,10.9778
20/02/07,10.9755
21/02/07,11.0023
22/02/07,10.9683
23/02/07,11.0397
24/02/07,NA
25/02/07,NA
26/02/07,11.079
27/02/07,11.1493
28/02/07,11.1682
01/03/07,11.1917
02/03/07,11.1817
03/03/07,NA
04/03/07,NA
05/03/07,11.1762
06/03/07,11.1473
07/03/07,11.1555
08/03/07,11.1426
09/03/07,11.1205
10/03/07,NA
11/03/07,NA
12/03/07,11.1483
13/03/07,11.1727
14/03/07,11.1867
15/03/07,11.1348
16/03/07,11.1664
17/03/07,NA
18/03/07,NA
19/03/07,NA
20/03/07,11.112
21/03/07,11.0796
22/03/07,11.022
23/03/07,11.0166
24/03/07,NA
25/03/07,NA
26/03/07,11.0253
27/03/07,11.047
28/03/07,11.0813
29/03/07,11.0507
30/03/07,11.0322
31/03/07,NA
01/04/07,NA
02/04/07,11.0336
03/04/07,10.9797
04/04/07,10.9976
05/04/07,NA
06/04/07,NA
07/04/07,NA
08/04/07,NA
09/04/07,10.9705
10/04/07,11.0126
11/04/07,10.984
12/04/07,11.0135
13/04/07,10.9917
14/04/07,NA
15/04/07,NA
16/04/07,10.9856
17/04/07,10.9911
18/04/07,10.992
19/04/07,11.0048
20/04/07,10.979
21/04/07,NA
22/04/07,NA
23/04/07,10.9637
24/04/07,11.0053
25/04/07,10.9369
26/04/07,10.9312
27/04/07,10.9305
28/04/07,NA
29/04/07,NA
30/04/07,10.9278
01/05/07,NA
02/05/07,10.9262
03/05/07,10.902
04/05/07,10.8852
05/05/07,NA
06/05/07,NA
07/05/07,10.8558
08/05/07,10.8513
09/05/07,10.8269
10/05/07,10.8178
11/05/07,10.8148
12/05/07,NA
13/05/07,NA
14/05/07,10.7987
15/05/07,10.8032
16/05/07,10.7905
17/05/07,10.8033
18/05/07,10.8223
19/05/07,NA
20/05/07,NA
21/05/07,10.7963
22/05/07,10.7598
23/05/07,10.7688
24/05/07,10.8354
25/05/07,10.7803
26/05/07,NA
27/05/07,NA
28/05/07,10.7788
29/05/07,10.7873
30/05/07,10.818
31/05/07,10.7445
01/06/07,10.7131
02/06/07,NA
03/06/07,NA
04/06/07,10.7441
05/06/07,10.7809
06/06/07,10.845
07/06/07,10.9043
08/06/07,10.9702
09/06/07,NA
10/06/07,NA
11/06/07,10.9307
12/06/07,10.9331
13/06/07,10.9538
14/06/07,10.9012
15/06/07,10.8148
16/06/07,NA
17/06/07,NA
18/06/07,10.776
19/06/07,10.7494
20/06/07,10.7713
21/06/07,10.8266
22/06/07,10.808
23/06/07,NA
24/06/07,NA
25/06/07,10.8189
26/06/07,10.8398
27/06/07,10.8661
28/06/07,10.7926
29/06/07,10.7946
30/06/07,NA
01/07/07,NA
02/07/07,10.7697
03/07/07,10.7698
04/07/07,10.76
05/07/07,10.7936
06/07/07,10.7828
07/07/07,NA
08/07/07,NA
09/07/07,10.7531
10/07/07,10.7917
11/07/07,10.8248
12/07/07,10.7799
13/07/07,10.7608
14/07/07,NA
15/07/07,NA
16/07/07,10.7653
17/07/07,10.7628
18/07/07,10.752
19/07/07,10.7207
20/07/07,10.7843
21/07/07,NA
22/07/07,NA
23/07/07,10.764
24/07/07,10.7846
25/07/07,10.8712
26/07/07,10.9436
27/07/07,10.9973
28/07/07,NA
29/07/07,NA
30/07/07,10.9812
31/07/07,10.9273
01/08/07,10.9663
02/08/07,10.9402
03/08/07,10.9677
04/08/07,NA
05/08/07,NA
06/08/07,10.9886
07/08/07,10.9613
08/08/07,10.9209
09/08/07,10.9832
10/08/07,11.0173
11/08/07,NA
12/08/07,NA
13/08/07,10.9915
14/08/07,11.0549
15/08/07,11.1148
16/08/07,11.2676
17/08/07,11.1259
18/08/07,NA
19/08/07,NA
20/08/07,11.1053
21/08/07,11.1213
22/08/07,11.0736
23/08/07,11.0489
24/08/07,11.0413
25/08/07,NA
26/08/07,NA
27/08/07,11.0382
28/08/07,11.092
29/08/07,11.1062
30/08/07,11.0848
31/08/07,11.0378
01/09/07,NA
02/09/07,NA
03/09/07,11.0169
04/09/07,11.0265
05/09/07,11.0848
06/09/07,11.0658
07/09/07,11.1227
08/09/07,NA
09/09/07,NA
10/09/07,11.1407
11/09/07,11.1057
12/09/07,11.072
13/09/07,11.0743
14/09/07,11.111
15/09/07,NA
16/09/07,NA
17/09/07,11.1471
18/09/07,11.0959
19/09/07,10.9871
20/09/07,10.9687
21/09/07,10.9517
22/09/07,NA
23/09/07,NA
24/09/07,10.9391
25/09/07,10.9438
26/09/07,10.9243
27/09/07,10.9203
28/09/07,10.9315
29/09/07,NA
30/09/07,NA
01/10/07,10.9224
02/10/07,10.921
03/10/07,10.8685
04/10/07,10.8963
05/10/07,10.8557
06/10/07,NA
07/10/07,NA
08/10/07,10.8589
09/10/07,10.8379
10/10/07,10.8383
11/10/07,10.8101
12/10/07,10.8252
13/10/07,NA
14/10/07,NA
15/10/07,10.8133
16/10/07,10.8418
17/10/07,10.8181
18/10/07,10.8133
19/10/07,10.7976
20/10/07,NA
21/10/07,NA
22/10/07,10.8404
23/10/07,10.824
24/10/07,10.8348
25/10/07,10.8291
26/10/07,10.7523
27/10/07,NA
28/10/07,NA
29/10/07,10.7112
30/10/07,10.7198
31/10/07,10.7023
01/11/07,10.6639
02/11/07,NA
03/11/07,NA
04/11/07,NA
05/11/07,10.7308
06/11/07,10.7046
07/11/07,10.7435
08/11/07,10.8108
09/11/07,10.8808
10/11/07,NA
11/11/07,NA
12/11/07,10.9378
13/11/07,10.8941
14/11/07,10.8685
15/11/07,10.9145
16/11/07,10.9353
17/11/07,NA
18/11/07,NA
19/11/07,NA
20/11/07,10.9687
21/11/07,11.0037
22/11/07,10.979
23/11/07,10.9733
24/11/07,NA
25/11/07,NA
26/11/07,10.981
27/11/07,10.9695
28/11/07,10.9345
29/11/07,10.9417
30/11/07,10.8968
01/12/07,NA
02/12/07,NA
03/12/07,10.9124
04/12/07,10.9059
05/12/07,10.8592
06/12/07,10.8367
07/12/07,10.8128
08/12/07,NA
09/12/07,NA
10/12/07,10.8185
11/12/07,10.8025
12/12/07,NA
13/12/07,10.8376
14/12/07,10.8249
15/12/07,NA
16/12/07,NA
17/12/07,10.846
18/12/07,10.8553
19/12/07,10.8412
20/12/07,10.8363
21/12/07,10.8203
22/12/07,NA
23/12/07,NA
24/12/07,10.8132
25/12/07,NA
26/12/07,10.8105
27/12/07,10.8662
28/12/07,10.9043
29/12/07,NA
30/12/07,NA
31/12/07,10.9157
01/01/08,NA
02/01/08,10.8972
03/01/08,10.8842
04/01/08,10.9277
05/01/08,NA
06/01/08,NA
07/01/08,10.9208
08/01/08,10.885
09/01/08,10.962
10/01/08,10.9572
11/01/08,10.9318
12/01/08,NA
13/01/08,NA
14/01/08,10.914
15/01/08,10.9203
16/01/08,10.9458
17/01/08,10.9445
18/01/08,10.9235
19/01/08,NA
20/01/08,NA
21/01/08,10.9813
22/01/08,10.9232
23/01/08,10.9522
24/01/08,10.8934
25/01/08,10.8698
26/01/08,NA
27/01/08,NA
28/01/08,10.8784
29/01/08,10.8444
30/01/08,10.8374
31/01/08,10.8262
01/02/08,10.8138
02/02/08,NA
03/02/08,NA
04/02/08,NA
05/02/08,10.8289
06/02/08,10.8227
07/02/08,10.804
08/02/08,10.7575
09/02/08,NA
10/02/08,NA
11/02/08,10.7736
12/02/08,10.7465
13/02/08,10.7509
14/02/08,10.7413
15/02/08,10.7653
16/02/08,NA
17/02/08,NA
18/02/08,10.735
19/02/08,10.7489
20/02/08,10.7939
21/02/08,10.798
22/02/08,10.7818
23/02/08,NA
24/02/08,NA
25/02/08,10.7855
26/02/08,10.743
27/02/08,10.7344
28/02/08,10.6813
29/02/08,10.7243
01/03/08,NA
02/03/08,NA
03/03/08,10.7046
04/03/08,10.7098
05/03/08,10.6978
06/03/08,10.7649
07/03/08,10.8383
08/03/08,NA
09/03/08,NA
10/03/08,10.8478
11/03/08,10.7965
12/03/08,10.7735
13/03/08,10.7778
14/03/08,10.7613
15/03/08,NA
16/03/08,NA
17/03/08,NA
18/03/08,10.704
19/03/08,10.6944
20/03/08,NA
21/03/08,NA
22/03/08,NA
23/03/08,NA
24/03/08,10.6748
25/03/08,10.6793
26/03/08,10.6957
27/03/08,10.6962
28/03/08,10.6987
29/03/08,NA
30/03/08,NA
31/03/08,10.6482
01/04/08,10.5985
02/04/08,10.5557
03/04/08,10.5644
04/04/08,10.559
05/04/08,NA
06/04/08,NA
07/04/08,10.5395
08/04/08,10.561
09/04/08,10.5552
10/04/08,10.5503
11/04/08,10.5337
12/04/08,NA
13/04/08,NA
14/04/08,10.4919
15/04/08,10.4843
16/04/08,10.4579
17/04/08,10.4828
18/04/08,10.461
19/04/08,NA
20/04/08,NA
21/04/08,10.5223
22/04/08,10.5181
23/04/08,10.4868
24/04/08,10.462
25/04/08,10.4702
26/04/08,NA
27/04/08,NA
28/04/08,10.4464
29/04/08,10.5272
30/04/08,10.5095
01/05/08,NA
02/05/08,10.4585
03/05/08,NA
04/05/08,NA
05/05/08,10.4687
06/05/08,10.4937
07/05/08,10.539
08/05/08,10.5465
09/05/08,10.5666
10/05/08,NA
11/05/08,NA
12/05/08,10.5058
13/05/08,10.4835
14/05/08,10.4884
15/05/08,10.4769
16/05/08,10.4266
17/05/08,NA
18/05/08,NA
19/05/08,10.3792
20/05/08,10.4002
21/05/08,10.3644
22/05/08,10.381
23/05/08,10.4
24/05/08,NA
25/05/08,NA
26/05/08,10.3848
27/05/08,10.3925
28/05/08,10.3447
29/05/08,10.3066
30/05/08,10.3306
31/05/08,NA
01/06/08,NA
02/06/08,10.3417
03/06/08,10.2992
04/06/08,10.3211
05/06/08,10.3108
06/06/08,10.3582
07/06/08,NA
08/06/08,NA
09/06/08,10.362
10/06/08,10.3847
11/06/08,10.4268
12/06/08,10.395
13/06/08,10.3655
14/06/08,NA
15/06/08,NA
16/06/08,10.3399
17/06/08,10.3153
18/06/08,10.2935
19/06/08,10.3156
20/06/08,10.2753
21/06/08,NA
22/06/08,NA
23/06/08,10.3032
24/06/08,10.318
25/06/08,10.2938
26/06/08,10.2841
27/06/08,10.3028
28/06/08,NA
29/06/08,NA
30/06/08,10.3069
01/07/08,10.3908
02/07/08,10.3722
03/07/08,10.3692
04/07/08,10.3411
05/07/08,NA
06/07/08,NA
07/07/08,10.3263
08/07/08,10.3363
09/07/08,10.2993
10/07/08,10.3076
11/07/08,10.312
12/07/08,NA
13/07/08,NA
14/07/08,10.2925
15/07/08,10.3229
16/07/08,10.2608
17/07/08,10.2311
18/07/08,10.2047
19/07/08,NA
20/07/08,NA
21/07/08,10.1708
22/07/08,10.1178
23/07/08,10.0552
24/07/08,10.0264
25/07/08,10.019
26/07/08,NA
27/07/08,NA
28/07/08,10.0706
29/07/08,10.061
30/07/08,10.034
31/07/08,10.0353
01/08/08,9.9705
02/08/08,NA
03/08/08,NA
04/08/08,9.9335
05/08/08,9.918
06/08/08,9.9485
07/08/08,9.9877
08/08/08,10.1305
09/08/08,NA
10/08/08,NA
11/08/08,10.1295
12/08/08,10.159
13/08/08,10.1968
14/08/08,10.1586
15/08/08,10.1966
16/08/08,NA
17/08/08,NA
18/08/08,10.1395
19/08/08,10.1867
20/08/08,10.1343
21/08/08,10.1106
22/08/08,10.0991
23/08/08,NA
24/08/08,NA
25/08/08,10.1183
26/08/08,10.173
27/08/08,10.1421
28/08/08,10.1822
29/08/08,10.2847
30/08/08,NA
31/08/08,NA
01/09/08,10.3423
02/09/08,10.3781
03/09/08,10.3852
04/09/08,10.4658
05/09/08,10.5143
06/09/08,NA
07/09/08,NA
08/09/08,10.481
09/09/08,10.5013
10/09/08,10.5862
11/09/08,10.6745
12/09/08,10.5828
13/09/08,NA
14/09/08,NA
15/09/08,10.7054
16/09/08,NA
17/09/08,10.8702
18/09/08,10.8365
19/09/08,10.6133
20/09/08,NA
21/09/08,NA
22/09/08,10.5879
23/09/08,10.7264
24/09/08,10.7879
25/09/08,10.7653
26/09/08,10.7919
27/09/08,NA
28/09/08,NA
29/09/08,10.9397
30/09/08,10.9814
01/10/08,10.9811
02/10/08,11.1296
03/10/08,11.1188
04/10/08,NA
05/10/08,NA
06/10/08,11.7667
07/10/08,12.1196
08/10/08,13.0417
09/10/08,12.4433
10/10/08,13.0867
11/10/08,NA
12/10/08,NA
13/10/08,12.3743
14/10/08,12.345
15/10/08,12.7192
16/10/08,13.0633
17/10/08,12.8475
18/10/08,NA
19/10/08,NA
20/10/08,12.7617
21/10/08,13.1233
22/10/08,13.5592
23/10/08,13.5025
24/10/08,13.4
25/10/08,NA
26/10/08,NA
27/10/08,13.3083
28/10/08,13.3692
29/10/08,12.9142
30/10/08,12.8342
31/10/08,12.7125
01/11/08,NA
02/11/08,NA
03/11/08,12.7875
04/11/08,12.4862
05/11/08,12.6042
06/11/08,12.95
07/11/08,12.8392
08/11/08,NA
09/11/08,NA
10/11/08,12.785
11/11/08,12.9892
12/11/08,13.0875
13/11/08,13.1663
14/11/08,13.0242
15/11/08,NA
16/11/08,NA
17/11/08,NA
18/11/08,13.195
19/11/08,13.18
20/11/08,13.5758
21/11/08,13.9183
22/11/08,NA
23/11/08,NA
24/11/08,13.4958
25/11/08,13.3142
26/11/08,13.2117
27/11/08,13.2325
28/11/08,13.3225
29/11/08,NA
30/11/08,NA
01/12/08,13.58
02/12/08,13.53
03/12/08,13.5996
04/12/08,13.5358
05/12/08,13.7567
06/12/08,NA
07/12/08,NA
08/12/08,13.4597
09/12/08,13.4921
10/12/08,13.4722
11/12/08,13.1821
12/12/08,NA
13/12/08,NA
14/12/08,NA
15/12/08,13.3317
16/12/08,13.2717
17/12/08,13.1275
18/12/08,13.215
19/12/08,13.1197
20/12/08,NA
21/12/08,NA
22/12/08,13.1742
23/12/08,13.2175
24/12/08,13.3114
25/12/08,NA
26/12/08,13.3538
27/12/08,NA
28/12/08,NA
29/12/08,13.5383
30/12/08,13.7738
31/12/08,13.8325
01/01/09,NA
02/01/09,13.7678
03/01/09,NA
04/01/09,NA
05/01/09,13.5507
06/01/09,13.3458
07/01/09,13.4136
08/01/09,13.5045
09/01/09,13.7008
10/01/09,NA
11/01/09,NA
12/01/09,13.7608
13/01/09,13.839
14/01/09,14.1083
15/01/09,14.2192
16/01/09,13.9058
17/01/09,NA
18/01/09,NA
19/01/09,13.9777
20/01/09,13.9382
21/01/09,13.9145
22/01/09,13.9325
23/01/09,14.095
24/01/09,NA
25/01/09,NA
26/01/09,13.9342
27/01/09,14.1675
28/01/09,14.1513
29/01/09,14.1975
30/01/09,14.3097
31/01/09,NA
01/02/09,NA
02/02/09,NA
03/02/09,14.5404
04/02/09,14.4667
05/02/09,14.2945
06/02/09,14.1778
07/02/09,NA
08/02/09,NA
09/02/09,14.1392
10/02/09,14.3575
11/02/09,14.5313
12/02/09,14.6013
13/02/09,14.4326
14/02/09,NA
15/02/09,NA
16/02/09,14.5288
17/02/09,14.6118
18/02/09,14.6725
19/02/09,14.5505
20/02/09,14.8163
21/02/09,NA
22/02/09,NA
23/02/09,14.8528
24/02/09,14.8327
25/02/09,14.9275
26/02/09,14.9322
27/02/09,15.0698
28/02/09,NA
01/03/09,NA
02/03/09,15.365
03/03/09,15.3372
04/03/09,15.2178
05/03/09,15.2855
06/03/09,15.2633
07/03/09,NA
08/03/09,NA
09/03/09,15.3517
10/03/09,15.3142
11/03/09,15.1145
12/03/09,14.9083
13/03/09,14.569
14/03/09,NA
15/03/09,NA
16/03/09,NA
17/03/09,14.0502
18/03/09,14.1457
19/03/09,14.08
20/03/09,14.148
21/03/09,NA
22/03/09,NA
23/03/09,14.3204
24/03/09,14.2683
25/03/09,14.2358
26/03/09,14.2163
27/03/09,14.3317
28/03/09,NA
29/03/09,NA
30/03/09,14.3855
31/03/09,14.1517
01/04/09,13.9108
02/04/09,13.7924
03/04/09,13.6137
04/04/09,NA
05/04/09,NA
06/04/09,13.6325
07/04/09,13.5712
08/04/09,13.3648
09/04/09,NA
10/04/09,NA
11/04/09,NA
12/04/09,NA
13/04/09,13.0914
14/04/09,13.086
15/04/09,13.1683
16/04/09,13.0511
17/04/09,13.1558
18/04/09,NA
19/04/09,NA
20/04/09,13.32
21/04/09,13.175
22/04/09,13.1457
23/04/09,13.3099
24/04/09,13.2318
25/04/09,NA
26/04/09,NA
27/04/09,13.755
28/04/09,13.8667
29/04/09,13.6485
30/04/09,13.8443
01/05/09,NA
02/05/09,NA
03/05/09,NA
04/05/09,13.35
05/05/09,13.2242
06/05/09,13.2268
07/05/09,13.1103
08/05/09,13.1067
09/05/09,NA
10/05/09,NA
11/05/09,13.1008
12/05/09,13.2208
13/05/09,13.3177
14/05/09,13.2983
15/05/09,13.2058
16/05/09,NA
17/05/09,NA
18/05/09,13.1363
19/05/09,12.968
20/05/09,12.8695
21/05/09,13.103
22/05/09,13.1728
23/05/09,NA
24/05/09,NA
25/05/09,13.1375
26/05/09,13.1338
27/05/09,13.159
28/05/09,13.2337
29/05/09,13.1667
30/05/09,NA
31/05/09,NA
01/06/09,13.155
02/06/09,13.2609
03/06/09,13.3172
04/06/09,13.2675
05/06/09,13.2768
06/06/09,NA
07/06/09,NA
08/06/09,13.45
09/06/09,13.4793
10/06/09,13.6507
11/06/09,13.4581
12/06/09,13.3997
13/06/09,NA
14/06/09,NA
15/06/09,13.4523
16/06/09,13.3525
17/06/09,13.4698
18/06/09,13.3694
19/06/09,13.3248
20/06/09,NA
21/06/09,NA
22/06/09,13.3782
23/06/09,13.3187
24/06/09,13.3051
25/06/09,13.2778
26/06/09,13.2023
27/06/09,NA
28/06/09,NA
29/06/09,13.1812
30/06/09,13.1722
01/07/09,13.0972
02/07/09,13.1695
03/07/09,13.2428
04/07/09,NA
05/07/09,NA
06/07/09,13.2547
07/07/09,13.2724
08/07/09,13.4333
09/07/09,13.5758
10/07/09,13.7052
11/07/09,NA
12/07/09,NA
13/07/09,13.8105
14/07/09,13.7645
15/07/09,13.6526
16/07/09,13.587
17/07/09,13.3895
18/07/09,NA
19/07/09,NA
20/07/09,13.3158
21/07/09,13.2879
22/07/09,13.2312
23/07/09,13.1915
24/07/09,13.2247
25/07/09,NA
26/07/09,NA
27/07/09,13.2167
28/07/09,13.2825
29/07/09,13.2643
30/07/09,13.2223
31/07/09,13.2125
01/08/09,NA
02/08/09,NA
03/08/09,13.1293
04/08/09,13.1073
05/08/09,13.105
06/08/09,12.9926
07/08/09,12.9349
08/08/09,NA
09/08/09,NA
10/08/09,12.922
11/08/09,12.9937
12/08/09,12.997
13/08/09,12.8658
14/08/09,12.8766
15/08/09,NA
16/08/09,NA
17/08/09,12.9963
18/08/09,12.9555
19/08/09,12.9159
20/08/09,12.8733
21/08/09,12.8227
22/08/09,NA
23/08/09,NA
24/08/09,12.8274
25/08/09,12.8975
26/08/09,13.1378
27/08/09,13.2462
28/08/09,13.2579
29/08/09,NA
30/08/09,NA
31/08/09,13.314
01/09/09,13.5246
02/09/09,13.6427
03/09/09,13.5898
04/09/09,13.4658
05/09/09,NA
06/09/09,NA
07/09/09,13.3646
08/09/09,13.2826
09/09/09,13.3923
10/09/09,13.4582
11/09/09,13.3432
12/09/09,NA
13/09/09,NA
14/09/09,13.3892
15/09/09,13.3475
16/09/09,NA
17/09/09,13.23
18/09/09,13.2413
19/09/09,NA
20/09/09,NA
21/09/09,13.353
22/09/09,13.3186
23/09/09,13.3733
24/09/09,13.4549
25/09/09,13.5243
26/09/09,NA
27/09/09,NA
28/09/09,13.5042
29/09/09,13.5513
30/09/09,13.4928
01/10/09,13.6242
02/10/09,13.6773
03/10/09,NA
04/10/09,NA
05/10/09,13.655
06/10/09,13.4943
07/10/09,13.4673
08/10/09,13.3227
09/10/09,13.255
10/10/09,NA
11/10/09,NA
12/10/09,13.2178
13/10/09,13.1774
14/10/09,13.0779
15/10/09,13.0884
16/10/09,13.1057
17/10/09,NA
18/10/09,NA
19/10/09,13.084
20/10/09,12.9407
21/10/09,12.9196
22/10/09,12.9495
23/10/09,12.9798
24/10/09,NA
25/10/09,NA
26/10/09,13.149
27/10/09,13.2662
28/10/09,13.2823
29/10/09,13.0825
30/10/09,13.1479
31/10/09,NA
01/11/09,NA
02/11/09,NA
03/11/09,13.2908
04/11/09,13.2708
05/11/09,13.343
06/11/09,13.3758
07/11/09,NA
08/11/09,NA
09/11/09,13.2996
10/11/09,13.2308
11/11/09,13.1622
12/11/09,13.2061
13/11/09,13.1012
14/11/09,NA
15/11/09,NA
16/11/09,NA
17/11/09,13.0875
18/11/09,12.9818
19/11/09,13.0502
20/11/09,13.0895
21/11/09,NA
22/11/09,NA
23/11/09,13.0151
24/11/09,12.9305
25/11/09,12.866
26/11/09,12.9475
27/11/09,12.9139
28/11/09,NA
29/11/09,NA
30/11/09,12.9157
01/12/09,12.8557
02/12/09,12.8026
03/12/09,12.6658
04/12/09,12.5969
05/12/09,NA
06/12/09,NA
07/12/09,12.6558
08/12/09,12.8399
09/12/09,12.9862
10/12/09,12.9739
11/12/09,12.9253
12/12/09,NA
13/12/09,NA
14/12/09,12.8105
15/12/09,12.7234
16/12/09,12.698
17/12/09,12.9331
18/12/09,12.8979
19/12/09,NA
20/12/09,NA
21/12/09,12.8121
22/12/09,12.9449
23/12/09,12.8896
24/12/09,12.8793
25/12/09,NA
26/12/09,NA
27/12/09,NA
28/12/09,12.9288
29/12/09,13.0587
30/12/09,13.0437
31/12/09,13.0659
01/01/10,NA
02/01/10,NA
03/01/10,NA
04/01/10,12.9226
05/01/10,12.8241
06/01/10,12.7489
07/01/10,12.7646
08/01/10,12.7243
09/01/10,NA
10/01/10,NA
11/01/10,12.6692
12/01/10,12.7291
13/01/10,12.7698
14/01/10,12.7364
15/01/10,12.6884
16/01/10,NA
17/01/10,NA
18/01/10,12.6664
19/01/10,12.6478
20/01/10,12.7388
21/01/10,12.772
22/01/10,12.9412
23/01/10,NA
24/01/10,NA
25/01/10,12.9018
26/01/10,12.8549
27/01/10,12.9295
28/01/10,12.9975
29/01/10,13.0098
30/01/10,NA
31/01/10,NA
01/02/10,NA
02/02/10,12.8699
03/02/10,12.9395
04/02/10,13.0687
05/02/10,13.1753
06/02/10,NA
07/02/10,NA
08/02/10,13.164
09/02/10,13.0836
10/02/10,13.0601
11/02/10,13.0609
12/02/10,12.9764
13/02/10,NA
14/02/10,NA
15/02/10,12.942
16/02/10,12.8683
17/02/10,12.8781
18/02/10,12.8442
19/02/10,12.8337
20/02/10,NA
21/02/10,NA
22/02/10,12.8017
23/02/10,12.8584
24/02/10,12.8539
25/02/10,12.8503
26/02/10,12.7769
27/02/10,NA
28/02/10,NA
01/03/10,12.7454
02/03/10,12.7259
03/03/10,12.69
04/03/10,12.7182
05/03/10,12.6557
06/03/10,NA
07/03/10,NA
08/03/10,12.6618
09/03/10,12.6574
10/03/10,12.6028
11/03/10,12.6192
12/03/10,12.5527
13/03/10,NA
14/03/10,NA
15/03/10,NA
16/03/10,12.5254
17/03/10,12.4892
18/03/10,12.4729
19/03/10,12.5796
20/03/10,NA
21/03/10,NA
22/03/10,12.6052
23/03/10,12.5284
24/03/10,12.5381
25/03/10,12.5009
26/03/10,12.5426
27/03/10,NA
28/03/10,NA
29/03/10,12.464
30/03/10,12.4145
31/03/10,12.3306
01/04/10,NA
02/04/10,NA
03/04/10,NA
04/04/10,NA
05/04/10,12.2658
06/04/10,12.2454
07/04/10,12.2218
08/04/10,12.2488
09/04/10,12.1997
10/04/10,NA
11/04/10,NA
12/04/10,12.1808
13/04/10,12.2122
14/04/10,12.1827
15/04/10,12.1934
16/04/10,12.2356
17/04/10,NA
18/04/10,NA
19/04/10,12.3064
20/04/10,12.2188
21/04/10,12.1896
22/04/10,12.2405
23/04/10,12.1973
24/04/10,NA
25/04/10,NA
26/04/10,12.1575
27/04/10,12.2278
28/04/10,12.3698
29/04/10,12.2465
30/04/10,12.2626
01/05/10,NA
02/05/10,NA
03/05/10,12.2605
04/05/10,12.4288
05/05/10,12.6635
06/05/10,12.7884
07/05/10,12.9179
08/05/10,NA
09/05/10,NA
10/05/10,12.5297
11/05/10,12.5025
12/05/10,12.4351
13/05/10,12.3501
14/05/10,12.5684
15/05/10,NA
16/05/10,NA
17/05/10,12.6926
18/05/10,12.5787
19/05/10,12.9138
20/05/10,13.1412
21/05/10,13.0338
22/05/10,NA
23/05/10,NA
24/05/10,12.9588
25/05/10,13.1819
26/05/10,12.9955
27/05/10,12.8846
28/05/10,12.8589
29/05/10,NA
30/05/10,NA
31/05/10,12.9146
01/06/10,12.9012
02/06/10,12.8625
03/06/10,12.7644
04/06/10,12.8603
05/06/10,NA
06/06/10,NA
07/06/10,12.9202
08/06/10,12.9288
09/06/10,12.8093
10/06/10,12.7441
11/06/10,12.6748
12/06/10,NA
13/06/10,NA
14/06/10,12.5974
15/06/10,12.6001
16/06/10,12.5878
17/06/10,12.5925
18/06/10,12.54
19/06/10,NA
20/06/10,NA
21/06/10,12.4604
22/06/10,12.5246
23/06/10,12.6984
24/06/10,12.7141
25/06/10,12.7042
26/06/10,NA
27/06/10,NA
28/06/10,12.6567
29/06/10,12.8394
30/06/10,12.8441
01/07/10,13.0325
02/07/10,13.059
03/07/10,NA
04/07/10,NA
05/07/10,13.0953
06/07/10,12.9308
07/07/10,12.8975
08/07/10,12.8232
09/07/10,12.7859
10/07/10,NA
11/07/10,NA
12/07/10,12.8233
13/07/10,12.714
14/07/10,12.7176
15/07/10,12.7795
16/07/10,12.9013
17/07/10,NA
18/07/10,NA
19/07/10,12.9162
20/07/10,12.8549
21/07/10,12.7798
22/07/10,12.756
23/07/10,12.7749
24/07/10,NA
25/07/10,NA
26/07/10,12.6975
27/07/10,12.6469
28/07/10,12.6798
29/07/10,12.7038
30/07/10,12.6455
31/07/10,NA
01/08/10,NA
02/08/10,12.5728
03/08/10,12.6048
04/08/10,12.5535
05/08/10,12.5367
06/08/10,12.655
07/08/10,NA
08/08/10,NA
09/08/10,12.6461
10/08/10,12.6927
11/08/10,12.7432
12/08/10,12.7258
13/08/10,12.7256
14/08/10,NA
15/08/10,NA
16/08/10,12.6458
17/08/10,12.5944
18/08/10,12.6073
19/08/10,12.7226
20/08/10,12.7683
21/08/10,NA
22/08/10,NA
23/08/10,12.8492
24/08/10,12.936
25/08/10,13.0453
26/08/10,12.984
27/08/10,13.0148
28/08/10,NA
29/08/10,NA
30/08/10,13.1367
31/08/10,13.1676
01/09/10,13.0538
02/09/10,13.055
03/09/10,12.9526
04/09/10,NA
05/09/10,NA
06/09/10,12.9395
07/09/10,13.0566
08/09/10,13.0034
09/09/10,12.9853
10/09/10,12.9616
11/09/10,NA
12/09/10,NA
13/09/10,12.8729
14/09/10,12.8355
15/09/10,12.7793
16/09/10,NA
17/09/10,NA
18/09/10,NA
19/09/10,NA
20/09/10,12.7623
21/09/10,12.7594
22/09/10,12.6886
23/09/10,12.6422
24/09/10,12.5491
25/09/10,NA
26/09/10,NA
27/09/10,12.5168
28/09/10,12.5011
29/09/10,12.4801
30/09/10,12.5998
01/10/10,12.5511
02/10/10,NA
03/10/10,NA
04/10/10,12.5875
05/10/10,12.5099
06/10/10,12.4779
07/10/10,12.5277
08/10/10,12.4895
09/10/10,NA
10/10/10,NA
11/10/10,12.4224
12/10/10,12.432
13/10/10,12.3683
14/10/10,12.4101
15/10/10,12.4276
16/10/10,NA
17/10/10,NA
18/10/10,12.4135
19/10/10,12.4818
20/10/10,12.4117
21/10/10,12.3613
22/10/10,12.3877
23/10/10,NA
24/10/10,NA
25/10/10,12.3205
26/10/10,12.3859
27/10/10,12.4776
28/10/10,12.4023
29/10/10,12.3387
30/10/10,NA
31/10/10,NA
01/11/10,12.3452
02/11/10,NA
03/11/10,12.3041
04/11/10,12.2381
05/11/10,12.2055
06/11/10,NA
07/11/10,NA
08/11/10,12.2483
09/11/10,12.2068
10/11/10,12.2714
11/11/10,12.2596
12/11/10,12.2626
13/11/10,NA
14/11/10,NA
15/11/10,NA
16/11/10,12.4353
17/11/10,12.3783
18/11/10,12.2924
19/11/10,12.2996
20/11/10,NA
21/11/10,NA
22/11/10,12.309
23/11/10,12.4577
24/11/10,12.3912
25/11/10,12.3669
26/11/10,12.489
27/11/10,NA
28/11/10,NA
29/11/10,12.5538
30/11/10,12.4664
01/12/10,12.3967
02/12/10,12.3546
03/12/10,12.3597
04/12/10,NA
05/12/10,NA
06/12/10,12.3884
07/12/10,12.4123
08/12/10,12.4484
09/12/10,12.4586
10/12/10,12.4617
11/12/10,NA
12/12/10,NA
13/12/10,12.3869
14/12/10,12.3703
15/12/10,12.3963
16/12/10,12.4505
17/12/10,12.4345
18/12/10,NA
19/12/10,NA
20/12/10,12.417
21/12/10,12.372
22/12/10,12.3379
23/12/10,12.3332
24/12/10,12.3459
25/12/10,NA
26/12/10,NA
27/12/10,12.3653
28/12/10,12.3567
29/12/10,12.3571
30/12/10,12.3817
31/12/10,12.3496
01/01/11,NA
02/01/11,NA
03/01/11,12.2574
04/01/11,12.2619
05/01/11,12.2064
06/01/11,12.2256
07/01/11,12.2369
08/01/11,NA
09/01/11,NA
10/01/11,12.2542
11/01/11,12.1907
12/01/11,12.0757
13/01/11,12.1028
14/01/11,12.0871
15/01/11,NA
16/01/11,NA
17/01/11,12.0299
18/01/11,12.0261
19/01/11,12.0744
20/01/11,12.0903
21/01/11,12.0482
22/01/11,NA
23/01/11,NA
24/01/11,12.0516
25/01/11,12.0856
26/01/11,12.0408
27/01/11,12.0239
28/01/11,12.1214
29/01/11,NA
30/01/11,NA
31/01/11,12.1519
01/02/11,12.017
02/02/11,12.019
03/02/11,12.0499
04/02/11,11.9946
05/02/11,NA
06/02/11,NA
07/02/11,NA
08/02/11,11.9937
09/02/11,12.0432
10/02/11,12.0937
11/02/11,12.0635
12/02/11,NA
13/02/11,NA
14/02/11,12.0461
15/02/11,12.114
16/02/11,12.0957
17/02/11,12.0483
18/02/11,12.0172
19/02/11,NA
20/02/11,NA
21/02/11,12.0558
22/02/11,12.0917
23/02/11,12.19
24/02/11,12.173
25/02/11,12.1235
26/02/11,NA
27/02/11,NA
28/02/11,12.1062
01/03/11,12.0929
02/03/11,12.0981
03/03/11,12.0368
04/03/11,12.0064
05/03/11,NA
06/03/11,NA
07/03/11,12.017
08/03/11,12.0254
09/03/11,11.968
10/03/11,11.9755
11/03/11,11.9441
12/03/11,NA
13/03/11,NA
14/03/11,11.9235
15/03/11,12.0171
16/03/11,12.071
17/03/11,12.0925
18/03/11,12.0615
19/03/11,NA
20/03/11,NA
21/03/11,NA
22/03/11,11.9885
23/03/11,12.0004
24/03/11,11.9555
25/03/11,11.9505
26/03/11,NA
27/03/11,NA
28/03/11,11.959
29/03/11,11.9678
30/03/11,11.9219
31/03/11,11.9084
01/04/11,11.8412
02/04/11,NA
03/04/11,NA
04/04/11,11.8533
05/04/11,11.8322
06/04/11,11.7836
07/04/11,11.7931
08/04/11,11.7421
09/04/11,NA
10/04/11,NA
11/04/11,11.7447
12/04/11,11.8266
13/04/11,11.7907
14/04/11,11.7679
15/04/11,11.709
16/04/11,NA
17/04/11,NA
18/04/11,11.7783
19/04/11,11.6925
20/04/11,11.6252
21/04/11,NA
22/04/11,NA
23/04/11,NA
24/04/11,NA
25/04/11,11.6294
26/04/11,11.5824
27/04/11,11.5868
28/04/11,11.5428
29/04/11,11.5278
30/04/11,NA
01/05/11,NA
02/05/11,11.5023
03/05/11,11.5665
04/05/11,11.6214
05/05/11,11.6934
06/05/11,11.609
07/05/11,NA
08/05/11,NA
09/05/11,11.641
10/05/11,11.6009
11/05/11,11.6075
12/05/11,11.6656
13/05/11,11.7219
14/05/11,NA
15/05/11,NA
16/05/11,11.7094
17/05/11,11.766
18/05/11,11.7234
19/05/11,11.6588
20/05/11,11.6467
21/05/11,NA
22/05/11,NA
23/05/11,11.7292
24/05/11,11.7032
25/05/11,11.6948
26/05/11,11.6956
27/05/11,11.6256
28/05/11,NA
29/05/11,NA
30/05/11,11.6123
31/05/11,11.578
01/06/11,11.6277
02/06/11,11.6739
03/06/11,11.6689
04/06/11,NA
05/06/11,NA
06/06/11,11.6983
07/06/11,11.7196
08/06/11,11.8001
09/06/11,11.7965
10/06/11,11.8686
11/06/11,NA
12/06/11,NA
13/06/11,11.868
14/06/11,11.7982
15/06/11,11.8751
16/06/11,11.9591
17/06/11,11.9006
18/06/11,NA
19/06/11,NA
20/06/11,11.8916
21/06/11,11.813
22/06/11,11.7789
23/06/11,11.8816
24/06/11,11.8822
25/06/11,NA
26/06/11,NA
27/06/11,11.8938
28/06/11,11.8389
29/06/11,11.7748
30/06/11,11.723
01/07/11,11.6368
02/07/11,NA
03/07/11,NA
04/07/11,11.5925
05/07/11,11.6194
06/07/11,11.6544
07/07/11,11.5738
08/07/11,11.6337
09/07/11,NA
10/07/11,NA
11/07/11,11.7274
12/07/11,11.7867
13/07/11,11.717
14/07/11,11.701
15/07/11,11.7178
16/07/11,NA
17/07/11,NA
18/07/11,11.7877
19/07/11,11.6964
20/07/11,11.6638
21/07/11,11.6174
22/07/11,11.6393
23/07/11,NA
24/07/11,NA
25/07/11,11.6641
26/07/11,11.6172
27/07/11,11.6527
28/07/11,11.6821
29/07/11,11.7425
30/07/11,NA
31/07/11,NA
01/08/11,11.7514
02/08/11,11.7657
03/08/11,11.8473
04/08/11,11.9523
05/08/11,11.9794
06/08/11,NA
07/08/11,NA
08/08/11,12.1845
09/08/11,12.371
10/08/11,12.3221
11/08/11,12.3899
12/08/11,12.2992
13/08/11,NA
14/08/11,NA
15/08/11,12.2424
16/08/11,12.2631
17/08/11,12.1651
18/08/11,12.3685
19/08/11,12.2386
20/08/11,NA
21/08/11,NA
22/08/11,12.2948
23/08/11,12.3357
24/08/11,12.3952
25/08/11,12.4259
26/08/11,12.4953
27/08/11,NA
28/08/11,NA
29/08/11,12.4148
30/08/11,12.4838
31/08/11,12.348
01/09/11,12.2616
02/09/11,12.3735
03/09/11,NA
04/09/11,NA
05/09/11,12.5353
06/09/11,12.5102
07/09/11,12.4661
08/09/11,12.4956
09/09/11,12.6324
10/09/11,NA
11/09/11,NA
12/09/11,12.7687
13/09/11,12.8994
14/09/11,12.9646
15/09/11,12.9127
16/09/11,NA
17/09/11,NA
18/09/11,NA
19/09/11,13.186
20/09/11,13.1669
21/09/11,13.4045
22/09/11,13.8917
23/09/11,13.7788
24/09/11,NA
25/09/11,NA
26/09/11,13.6677
27/09/11,13.3414
28/09/11,13.4217
29/09/11,13.4567
30/09/11,13.7994
01/10/11,NA
02/10/11,NA
03/10/11,13.8967
04/10/11,13.9714
05/10/11,13.6675
06/10/11,13.5341
07/10/11,13.3143
08/10/11,NA
09/10/11,NA
10/10/11,13.2751
11/10/11,13.3266
12/10/11,13.2213
13/10/11,13.3647
14/10/11,13.2711
15/10/11,NA
16/10/11,NA
17/10/11,13.2952
18/10/11,13.4445
19/10/11,13.3733
20/10/11,13.6628
21/10/11,13.5996
22/10/11,NA
23/10/11,NA
24/10/11,13.4889
25/10/11,13.4459
26/10/11,13.4914
27/10/11,13.1973
28/10/11,13.1132
29/10/11,NA
30/10/11,NA
31/10/11,13.1802
01/11/11,13.6282
02/11/11,NA
03/11/11,13.4128
04/11/11,13.4698
05/11/11,NA
06/11/11,NA
07/11/11,13.4504
08/11/11,13.3852
09/11/11,13.5252
10/11/11,13.5622
11/11/11,13.4165
12/11/11,NA
13/11/11,NA
14/11/11,13.5122
15/11/11,13.5672
16/11/11,13.5847
17/11/11,13.6375
18/11/11,13.7033
19/11/11,NA
20/11/11,NA
21/11/11,NA
22/11/11,13.9812
23/11/11,14.1291
24/11/11,14.1778
25/11/11,14.2443
26/11/11,NA
27/11/11,NA
28/11/11,14.0344
29/11/11,13.9538
30/11/11,13.61
01/12/11,13.5894
02/12/11,13.5488
03/12/11,NA
04/12/11,NA
05/12/11,13.4786
06/12/11,13.497
07/12/11,13.5118
08/12/11,13.6569
09/12/11,13.6406
10/12/11,NA
11/12/11,NA
12/12/11,NA
13/12/11,13.7714
14/12/11,13.9412
15/12/11,13.823
16/12/11,13.845
17/12/11,NA
18/12/11,NA
19/12/11,13.8542
20/12/11,13.772
21/12/11,13.8526
22/12/11,13.8169
23/12/11,13.8163
24/12/11,NA
25/12/11,NA
26/12/11,13.8483
27/12/11,13.9658
28/12/11,13.9904
29/12/11,13.9787
30/12/11,13.9476
31/12/11,NA
01/01/12,NA
02/01/12,13.9342
03/01/12,13.6882
04/01/12,13.7144
05/01/12,13.7409
06/01/12,13.7228
07/01/12,NA
08/01/12,NA
09/01/12,13.7437
10/01/12,13.6204
11/01/12,13.6592
12/01/12,13.5982
13/01/12,13.6263
14/01/12,NA
15/01/12,NA
16/01/12,13.5401
17/01/12,13.4621
18/01/12,13.3267
19/01/12,13.2516
20/01/12,13.224
21/01/12,NA
22/01/12,NA
23/01/12,13.1383
24/01/12,13.1712
25/01/12,13.1319
26/01/12,12.9325
27/01/12,12.9504
28/01/12,NA
29/01/12,NA
30/01/12,13.0063
31/01/12,13.0077
01/02/12,12.89
02/02/12,12.8038
03/02/12,12.712
04/02/12,NA
05/02/12,NA
06/02/12,NA
07/02/12,12.6472
08/02/12,12.6833
09/02/12,12.72
10/02/12,12.7857
11/02/12,NA
12/02/12,NA
13/02/12,12.7392
14/02/12,12.7753
15/02/12,12.7658
16/02/12,12.8822
17/02/12,12.7856
18/02/12,NA
19/02/12,NA
20/02/12,12.6793
21/02/12,12.7408
22/02/12,12.8296
23/02/12,12.8294
24/02/12,12.8675
25/02/12,NA
26/02/12,NA
27/02/12,12.8779
28/02/12,12.8575
29/02/12,12.7891
01/03/12,12.7764
02/03/12,12.7723
03/03/12,NA
04/03/12,NA
05/03/12,12.8339
06/03/12,12.9777
07/03/12,12.9469
08/03/12,12.784
09/03/12,12.6299
10/03/12,NA
11/03/12,NA
12/03/12,12.715
13/03/12,12.6336
14/03/12,12.6719
15/03/12,12.6591
16/03/12,12.6645
17/03/12,NA
18/03/12,NA
19/03/12,NA
20/03/12,12.6935
21/03/12,12.6833
22/03/12,12.833
23/03/12,12.8035
24/03/12,NA
25/03/12,NA
26/03/12,12.6795
27/03/12,12.6706
28/03/12,12.8039
29/03/12,12.8489
30/03/12,12.8093
31/03/12,NA
01/04/12,NA
02/04/12,12.7691
03/04/12,12.7317
04/04/12,12.8155
05/04/12,NA
06/04/12,NA
07/04/12,NA
08/04/12,NA
09/04/12,12.9902
10/04/12,13.1568
11/04/12,13.1324
12/04/12,13.0736
13/04/12,13.1458
14/04/12,NA
15/04/12,NA
16/04/12,13.2168
17/04/12,13.0816
18/04/12,13.1322
19/04/12,13.2288
20/04/12,13.1171
21/04/12,NA
22/04/12,NA
23/04/12,13.2087
24/04/12,13.1392
25/04/12,13.1667
26/04/12,13.2093
27/04/12,13.0141
28/04/12,NA
29/04/12,NA
30/04/12,12.9942
01/05/12,NA
02/05/12,12.9629
03/05/12,12.9725
04/05/12,13.1344
05/05/12,NA
06/05/12,NA
07/05/12,13.1659
08/05/12,13.3374
09/05/12,13.515
10/05/12,13.447
11/05/12,13.4929
12/05/12,NA
13/05/12,NA
14/05/12,13.6739
15/05/12,13.7302
16/05/12,13.7747
17/05/12,13.7994
18/05/12,13.7809
19/05/12,NA
20/05/12,NA
21/05/12,13.7935
22/05/12,13.7203
23/05/12,14.0335
24/05/12,14.004
25/05/12,14.0156
26/05/12,NA
27/05/12,NA
28/05/12,13.9439
29/05/12,13.9169
30/05/12,14.0749
31/05/12,14.3047
01/06/12,14.3949